[
  {
    "_id": "f48edbe0-f0da-11e8-88e3-9795bd65363d",
    "_type": "dashboard",
    "_source": {
      "title": "My dashboard",
      "hits": 0,
      "description": "",
      "panelsJSON": "[{\"panelIndex\":\"1\",\"gridData\":{\"x\":0,\"y\":0,\"w\":7,\"h\":4,\"i\":\"1\"},\"embeddableConfig\":{\"vis\":{\"legendOpen\":false}},\"id\":\"8dfb77f0-f0d8-11e8-88e3-9795bd65363d\",\"type\":\"visualization\",\"version\":\"6.2.4\"},{\"panelIndex\":\"2\",\"gridData\":{\"x\":0,\"y\":7,\"w\":7,\"h\":5,\"i\":\"2\"},\"embeddableConfig\":{\"vis\":{\"colors\":{\"Number of reviews\":\"#6D1F62\"},\"legendOpen\":false}},\"id\":\"538ff440-f0da-11e8-88e3-9795bd65363d\",\"type\":\"visualization\",\"version\":\"6.2.4\"},{\"panelIndex\":\"3\",\"gridData\":{\"x\":7,\"y\":0,\"w\":5,\"h\":2,\"i\":\"3\"},\"id\":\"a8ff7f90-f0df-11e8-88e3-9795bd65363d\",\"title\":\"Chart of ranking in Family category\",\"type\":\"visualization\",\"version\":\"6.2.4\"},{\"panelIndex\":\"4\",\"gridData\":{\"x\":7,\"y\":2,\"w\":5,\"h\":2,\"i\":\"4\"},\"id\":\"b7725a40-f0e2-11e8-88e3-9795bd65363d\",\"type\":\"visualization\",\"version\":\"6.2.4\"},{\"panelIndex\":\"5\",\"gridData\":{\"x\":7,\"y\":4,\"w\":5,\"h\":4,\"i\":\"5\"},\"embeddableConfig\":{\"vis\":{\"legendOpen\":false}},\"id\":\"d820d440-f0e4-11e8-88e3-9795bd65363d\",\"type\":\"visualization\",\"version\":\"6.2.4\"},{\"panelIndex\":\"6\",\"gridData\":{\"x\":0,\"y\":4,\"w\":7,\"h\":3,\"i\":\"6\"},\"id\":\"422cb290-f0e6-11e8-88e3-9795bd65363d\",\"type\":\"visualization\",\"version\":\"6.2.4\"},{\"panelIndex\":\"7\",\"gridData\":{\"x\":7,\"y\":8,\"w\":5,\"h\":4,\"i\":\"7\"},\"id\":\"9d3543c0-f0e9-11e8-88e3-9795bd65363d\",\"type\":\"visualization\",\"version\":\"6.2.4\",\"embeddableConfig\":{\"vis\":{\"legendOpen\":true}}}]",
      "optionsJSON": "{\"darkTheme\":false,\"hidePanelTitles\":false,\"useMargins\":true}",
      "version": 1,
      "timeRestore": false,
      "kibanaSavedObjectMeta": {
        "searchSourceJSON": "{\"query\":{\"language\":\"lucene\",\"query\":\"\"},\"filter\":[],\"highlightAll\":true,\"version\":true}"
      }
    },
    "_meta": {
      "savedObjectVersion": 2
    }
  },
  {
    "_id": "8dfb77f0-f0d8-11e8-88e3-9795bd65363d",
    "_type": "visualization",
    "_source": {
      "title": "Category pie",
      "visState": "{\"title\":\"Category pie\",\"type\":\"pie\",\"params\":{\"type\":\"pie\",\"addTooltip\":true,\"addLegend\":true,\"legendPosition\":\"right\",\"isDonut\":true,\"labels\":{\"show\":true,\"values\":true,\"last_level\":true,\"truncate\":100}},\"aggs\":[{\"id\":\"1\",\"enabled\":true,\"type\":\"count\",\"schema\":\"metric\",\"params\":{}},{\"id\":\"2\",\"enabled\":true,\"type\":\"terms\",\"schema\":\"segment\",\"params\":{\"field\":\"Category.keyword\",\"otherBucket\":false,\"otherBucketLabel\":\"Other\",\"missingBucket\":false,\"missingBucketLabel\":\"Missing\",\"size\":15,\"order\":\"desc\",\"orderBy\":\"1\"}}]}",
      "uiStateJSON": "{}",
      "description": "",
      "version": 1,
      "kibanaSavedObjectMeta": {
        "searchSourceJSON": "{\"index\":\"fa030df0-f0d3-11e8-88e3-9795bd65363d\",\"filter\":[],\"query\":{\"query\":\"\",\"language\":\"lucene\"}}"
      }
    },
    "_meta": {
      "savedObjectVersion": 2
    }
  },
  {
    "_id": "a8ff7f90-f0df-11e8-88e3-9795bd65363d",
    "_type": "visualization",
    "_source": {
      "title": "Chart of ranking",
      "visState": "{\"title\":\"Chart of ranking\",\"type\":\"table\",\"params\":{\"perPage\":10,\"showPartialRows\":false,\"showMeticsAtAllLevels\":false,\"sort\":{\"columnIndex\":1,\"direction\":\"desc\"},\"showTotal\":false,\"totalFunc\":\"sum\"},\"aggs\":[{\"id\":\"1\",\"enabled\":true,\"type\":\"count\",\"schema\":\"metric\",\"params\":{\"customLabel\":\"Number of apps\"}},{\"id\":\"2\",\"enabled\":true,\"type\":\"max\",\"schema\":\"metric\",\"params\":{\"field\":\"Rating\",\"customLabel\":\"Max rating\"}},{\"id\":\"3\",\"enabled\":true,\"type\":\"min\",\"schema\":\"metric\",\"params\":{\"field\":\"Rating\",\"customLabel\":\"Min rating\"}},{\"id\":\"4\",\"enabled\":true,\"type\":\"avg\",\"schema\":\"metric\",\"params\":{\"field\":\"Rating\",\"customLabel\":\"Average rating\"}},{\"id\":\"5\",\"enabled\":true,\"type\":\"median\",\"schema\":\"metric\",\"params\":{\"field\":\"Rating\",\"percents\":[50],\"customLabel\":\"\"}}]}",
      "uiStateJSON": "{\"vis\":{\"params\":{\"sort\":{\"columnIndex\":5,\"direction\":\"asc\"}}}}",
      "description": "",
      "version": 1,
      "kibanaSavedObjectMeta": {
        "searchSourceJSON": "{\"index\":\"fa030df0-f0d3-11e8-88e3-9795bd65363d\",\"filter\":[{\"meta\":{\"index\":\"fa030df0-f0d3-11e8-88e3-9795bd65363d\",\"negate\":false,\"disabled\":false,\"alias\":null,\"type\":\"phrase\",\"key\":\"Category.keyword\",\"value\":\"FAMILY\",\"params\":{\"query\":\"FAMILY\",\"type\":\"phrase\"}},\"query\":{\"match\":{\"Category.keyword\":{\"query\":\"FAMILY\",\"type\":\"phrase\"}}},\"$state\":{\"store\":\"globalState\"}}],\"query\":{\"query\":\"\",\"language\":\"lucene\"}}"
      }
    },
    "_meta": {
      "savedObjectVersion": 2
    }
  },
  {
    "_id": "b7725a40-f0e2-11e8-88e3-9795bd65363d",
    "_type": "visualization",
    "_source": {
      "title": "Chart of rating in Game category",
      "visState": "{\"title\":\"Chart of rating in Game category\",\"type\":\"table\",\"params\":{\"perPage\":10,\"showPartialRows\":false,\"showMeticsAtAllLevels\":false,\"sort\":{\"columnIndex\":null,\"direction\":null},\"showTotal\":false,\"totalFunc\":\"sum\"},\"aggs\":[{\"id\":\"1\",\"enabled\":true,\"type\":\"count\",\"schema\":\"metric\",\"params\":{}},{\"id\":\"2\",\"enabled\":true,\"type\":\"max\",\"schema\":\"metric\",\"params\":{\"field\":\"Rating\"}},{\"id\":\"3\",\"enabled\":true,\"type\":\"min\",\"schema\":\"metric\",\"params\":{\"field\":\"Rating\"}},{\"id\":\"4\",\"enabled\":true,\"type\":\"avg\",\"schema\":\"metric\",\"params\":{\"field\":\"Rating\"}},{\"id\":\"5\",\"enabled\":true,\"type\":\"median\",\"schema\":\"metric\",\"params\":{\"field\":\"Rating\",\"percents\":[50]}}]}",
      "uiStateJSON": "{\"vis\":{\"params\":{\"sort\":{\"columnIndex\":null,\"direction\":null}}}}",
      "description": "",
      "version": 1,
      "kibanaSavedObjectMeta": {
        "searchSourceJSON": "{\"index\":\"fa030df0-f0d3-11e8-88e3-9795bd65363d\",\"filter\":[{\"meta\":{\"index\":\"fa030df0-f0d3-11e8-88e3-9795bd65363d\",\"negate\":false,\"disabled\":false,\"alias\":null,\"type\":\"phrase\",\"key\":\"Category.keyword\",\"value\":\"GAME\",\"params\":{\"query\":\"GAME\",\"type\":\"phrase\"}},\"query\":{\"match\":{\"Category.keyword\":{\"query\":\"GAME\",\"type\":\"phrase\"}}},\"$state\":{\"store\":\"globalState\"}}],\"query\":{\"query\":\"\",\"language\":\"lucene\"}}"
      }
    },
    "_meta": {
      "savedObjectVersion": 2
    }
  },
  {
    "_id": "d820d440-f0e4-11e8-88e3-9795bd65363d",
    "_type": "visualization",
    "_source": {
      "title": "Average rating by category",
      "visState": "{\"aggs\":[{\"enabled\":true,\"id\":\"1\",\"params\":{\"customLabel\":\"\",\"field\":\"Rating\"},\"schema\":\"metric\",\"type\":\"avg\"},{\"enabled\":true,\"id\":\"2\",\"params\":{\"customLabel\":\"Category\",\"field\":\"Category.keyword\",\"missingBucket\":false,\"missingBucketLabel\":\"Missing\",\"order\":\"desc\",\"orderBy\":\"1\",\"otherBucket\":false,\"otherBucketLabel\":\"Other\",\"size\":9},\"schema\":\"segment\",\"type\":\"terms\"}],\"params\":{\"addLegend\":true,\"addTimeMarker\":false,\"addTooltip\":true,\"categoryAxes\":[{\"id\":\"CategoryAxis-1\",\"labels\":{\"show\":true,\"truncate\":100},\"position\":\"bottom\",\"scale\":{\"type\":\"linear\"},\"show\":true,\"style\":{},\"title\":{},\"type\":\"category\"}],\"grid\":{\"categoryLines\":false,\"style\":{\"color\":\"#eee\"}},\"legendPosition\":\"right\",\"seriesParams\":[{\"data\":{\"id\":\"1\",\"label\":\"Average Rating\"},\"drawLinesBetweenPoints\":true,\"interpolate\":\"linear\",\"mode\":\"stacked\",\"show\":\"true\",\"showCircles\":true,\"type\":\"area\",\"valueAxis\":\"ValueAxis-1\"}],\"times\":[],\"type\":\"histogram\",\"valueAxes\":[{\"id\":\"ValueAxis-1\",\"labels\":{\"filter\":false,\"rotate\":0,\"show\":true,\"truncate\":100},\"name\":\"LeftAxis-1\",\"position\":\"left\",\"scale\":{\"max\":4,\"min\":3.1,\"mode\":\"normal\",\"setYExtents\":true,\"type\":\"linear\"},\"show\":true,\"style\":{},\"title\":{\"text\":\"Average Rating\"},\"type\":\"value\"}]},\"title\":\"Average rating by category\",\"type\":\"histogram\"}",
      "uiStateJSON": "{\"vis\":{\"colors\":{},\"legendOpen\":true}}",
      "description": "",
      "version": 1,
      "kibanaSavedObjectMeta": {
        "searchSourceJSON": "{\"index\":\"fa030df0-f0d3-11e8-88e3-9795bd65363d\",\"filter\":[{\"$state\":{\"store\":\"appState\"},\"meta\":{\"alias\":null,\"disabled\":false,\"index\":\"fa030df0-f0d3-11e8-88e3-9795bd65363d\",\"key\":\"Category.keyword\",\"negate\":false,\"params\":[\"FAMILY\",\"GAME\",\"TOOLS\",\"MEDICAL\",\"BUSINESS\",\"PRODUCTIVITY\",\"PERSONALIZATION\",\"SPORTS\",\"COMMUNICATION\",\"FINANCE\"],\"type\":\"phrases\",\"value\":\"FAMILY, GAME, TOOLS, MEDICAL, BUSINESS, PRODUCTIVITY, PERSONALIZATION, SPORTS, COMMUNICATION, FINANCE\"},\"query\":{\"bool\":{\"minimum_should_match\":1,\"should\":[{\"match_phrase\":{\"Category.keyword\":\"FAMILY\"}},{\"match_phrase\":{\"Category.keyword\":\"GAME\"}},{\"match_phrase\":{\"Category.keyword\":\"TOOLS\"}},{\"match_phrase\":{\"Category.keyword\":\"MEDICAL\"}},{\"match_phrase\":{\"Category.keyword\":\"BUSINESS\"}},{\"match_phrase\":{\"Category.keyword\":\"PRODUCTIVITY\"}},{\"match_phrase\":{\"Category.keyword\":\"PERSONALIZATION\"}},{\"match_phrase\":{\"Category.keyword\":\"SPORTS\"}},{\"match_phrase\":{\"Category.keyword\":\"COMMUNICATION\"}},{\"match_phrase\":{\"Category.keyword\":\"FINANCE\"}}]}}}],\"query\":{\"language\":\"lucene\",\"query\":\"\"}}"
      }
    },
    "_meta": {
      "savedObjectVersion": 2
    }
  },
  {
    "_id": "422cb290-f0e6-11e8-88e3-9795bd65363d",
    "_type": "visualization",
    "_source": {
      "title": "Average rating by price",
      "visState": "{\"title\":\"Average rating by price\",\"type\":\"histogram\",\"params\":{\"type\":\"histogram\",\"grid\":{\"categoryLines\":false,\"style\":{\"color\":\"#eee\"}},\"categoryAxes\":[{\"id\":\"CategoryAxis-1\",\"type\":\"category\",\"position\":\"bottom\",\"show\":true,\"style\":{},\"scale\":{\"type\":\"linear\"},\"labels\":{\"show\":true,\"truncate\":100},\"title\":{}}],\"valueAxes\":[{\"id\":\"ValueAxis-1\",\"name\":\"LeftAxis-1\",\"type\":\"value\",\"position\":\"left\",\"show\":true,\"style\":{},\"scale\":{\"type\":\"linear\",\"mode\":\"normal\",\"defaultYExtents\":true},\"labels\":{\"show\":true,\"rotate\":0,\"filter\":false,\"truncate\":100},\"title\":{\"text\":\"Average Rating\"}}],\"seriesParams\":[{\"show\":\"true\",\"type\":\"line\",\"mode\":\"stacked\",\"data\":{\"label\":\"Average Rating\",\"id\":\"1\"},\"valueAxis\":\"ValueAxis-1\",\"drawLinesBetweenPoints\":true,\"showCircles\":true,\"lineWidth\":5}],\"addTooltip\":true,\"addLegend\":true,\"legendPosition\":\"right\",\"times\":[],\"addTimeMarker\":false},\"aggs\":[{\"id\":\"1\",\"enabled\":true,\"type\":\"avg\",\"schema\":\"metric\",\"params\":{\"field\":\"Rating\"}},{\"id\":\"2\",\"enabled\":true,\"type\":\"terms\",\"schema\":\"segment\",\"params\":{\"field\":\"Price.keyword\",\"otherBucket\":false,\"otherBucketLabel\":\"Other\",\"missingBucket\":true,\"missingBucketLabel\":\"Missing\",\"size\":9,\"order\":\"asc\",\"orderBy\":\"_term\",\"customLabel\":\"Price\"}}]}",
      "uiStateJSON": "{\"vis\":{\"colors\":{\"Average Rating\":\"#EA6460\"},\"legendOpen\":true}}",
      "description": "",
      "version": 1,
      "kibanaSavedObjectMeta": {
        "searchSourceJSON": "{\"index\":\"fa030df0-f0d3-11e8-88e3-9795bd65363d\",\"filter\":[{\"meta\":{\"index\":\"fa030df0-f0d3-11e8-88e3-9795bd65363d\",\"type\":\"phrases\",\"key\":\"Price.keyword\",\"value\":\"$0.99, $2.99, 0, $4.99, $3.99, $1.99, $1.49, $5.99, $2.49, $9.99\",\"params\":[\"$0.99\",\"$2.99\",\"0\",\"$4.99\",\"$3.99\",\"$1.99\",\"$1.49\",\"$5.99\",\"$2.49\",\"$9.99\"],\"negate\":false,\"disabled\":false,\"alias\":null},\"query\":{\"bool\":{\"should\":[{\"match_phrase\":{\"Price.keyword\":\"$0.99\"}},{\"match_phrase\":{\"Price.keyword\":\"$2.99\"}},{\"match_phrase\":{\"Price.keyword\":\"0\"}},{\"match_phrase\":{\"Price.keyword\":\"$4.99\"}},{\"match_phrase\":{\"Price.keyword\":\"$3.99\"}},{\"match_phrase\":{\"Price.keyword\":\"$1.99\"}},{\"match_phrase\":{\"Price.keyword\":\"$1.49\"}},{\"match_phrase\":{\"Price.keyword\":\"$5.99\"}},{\"match_phrase\":{\"Price.keyword\":\"$2.49\"}},{\"match_phrase\":{\"Price.keyword\":\"$9.99\"}}],\"minimum_should_match\":1}},\"$state\":{\"store\":\"appState\"}}],\"query\":{\"query\":\"\",\"language\":\"lucene\"}}"
      }
    },
    "_meta": {
      "savedObjectVersion": 2
    }
  },
  {
    "_id": "538ff440-f0da-11e8-88e3-9795bd65363d",
    "_type": "visualization",
    "_source": {
      "title": "Max number of reviews",
      "visState": "{\"title\":\"Max number of reviews\",\"type\":\"histogram\",\"params\":{\"type\":\"histogram\",\"grid\":{\"categoryLines\":false,\"style\":{\"color\":\"#eee\"}},\"categoryAxes\":[{\"id\":\"CategoryAxis-1\",\"type\":\"category\",\"position\":\"bottom\",\"show\":true,\"style\":{},\"scale\":{\"type\":\"linear\"},\"labels\":{\"show\":true,\"truncate\":100},\"title\":{}}],\"valueAxes\":[{\"id\":\"ValueAxis-1\",\"name\":\"LeftAxis-1\",\"type\":\"value\",\"position\":\"left\",\"show\":true,\"style\":{},\"scale\":{\"type\":\"linear\",\"mode\":\"normal\"},\"labels\":{\"show\":true,\"rotate\":0,\"filter\":false,\"truncate\":100},\"title\":{\"text\":\"Number of reviews\"}}],\"seriesParams\":[{\"show\":\"true\",\"type\":\"histogram\",\"mode\":\"stacked\",\"data\":{\"label\":\"Number of reviews\",\"id\":\"1\"},\"valueAxis\":\"ValueAxis-1\",\"drawLinesBetweenPoints\":true,\"showCircles\":true}],\"addTooltip\":true,\"addLegend\":true,\"legendPosition\":\"right\",\"times\":[],\"addTimeMarker\":false,\"radiusRatio\":51},\"aggs\":[{\"id\":\"1\",\"enabled\":true,\"type\":\"max\",\"schema\":\"metric\",\"params\":{\"field\":\"Reviews\",\"customLabel\":\"Number of reviews\"}},{\"id\":\"2\",\"enabled\":true,\"type\":\"terms\",\"schema\":\"segment\",\"params\":{\"field\":\"App.keyword\",\"otherBucket\":false,\"otherBucketLabel\":\"Other\",\"missingBucket\":false,\"missingBucketLabel\":\"Missing\",\"size\":15,\"order\":\"desc\",\"orderBy\":\"1\",\"customLabel\":\"App name\"}}]}",
      "uiStateJSON": "{\"vis\":{\"colors\":{\"Number of reviews\":\"#7EB26D\"}}}",
      "description": "",
      "version": 1,
      "kibanaSavedObjectMeta": {
        "searchSourceJSON": "{\"index\":\"fa030df0-f0d3-11e8-88e3-9795bd65363d\",\"filter\":[],\"query\":{\"query\":\"\",\"language\":\"lucene\"}}"
      }
    },
    "_meta": {
      "savedObjectVersion": 2
    }
  },
  {
    "_id": "9d3543c0-f0e9-11e8-88e3-9795bd65363d",
    "_type": "visualization",
    "_source": {
      "title": "Worst app by category",
      "visState": "{\"title\":\"Worst app by category\",\"type\":\"line\",\"params\":{\"type\":\"line\",\"grid\":{\"categoryLines\":false,\"style\":{\"color\":\"#eee\"}},\"categoryAxes\":[{\"id\":\"CategoryAxis-1\",\"type\":\"category\",\"position\":\"bottom\",\"show\":true,\"style\":{},\"scale\":{\"type\":\"linear\"},\"labels\":{\"show\":true,\"truncate\":100,\"rotate\":90,\"filter\":false},\"title\":{}}],\"valueAxes\":[{\"id\":\"ValueAxis-1\",\"name\":\"LeftAxis-1\",\"type\":\"value\",\"position\":\"left\",\"show\":true,\"style\":{},\"scale\":{\"type\":\"linear\",\"mode\":\"normal\",\"defaultYExtents\":false,\"setYExtents\":true,\"max\":3.5,\"min\":0.5},\"labels\":{\"show\":true,\"rotate\":0,\"filter\":false,\"truncate\":100},\"title\":{\"text\":\"Rating\"}}],\"seriesParams\":[{\"show\":\"true\",\"type\":\"line\",\"mode\":\"normal\",\"data\":{\"label\":\"Rating\",\"id\":\"1\"},\"valueAxis\":\"ValueAxis-1\",\"drawLinesBetweenPoints\":true,\"showCircles\":true}],\"addTooltip\":true,\"addLegend\":true,\"legendPosition\":\"right\",\"times\":[],\"addTimeMarker\":false},\"aggs\":[{\"id\":\"1\",\"enabled\":true,\"type\":\"min\",\"schema\":\"metric\",\"params\":{\"field\":\"Rating\",\"customLabel\":\"Rating\"}},{\"id\":\"2\",\"enabled\":true,\"type\":\"terms\",\"schema\":\"segment\",\"params\":{\"field\":\"Category.keyword\",\"otherBucket\":false,\"otherBucketLabel\":\"Other\",\"missingBucket\":false,\"missingBucketLabel\":\"Missing\",\"size\":9,\"order\":\"desc\",\"orderBy\":\"1\",\"customLabel\":\"Category\"}},{\"id\":\"3\",\"enabled\":true,\"type\":\"terms\",\"schema\":\"group\",\"params\":{\"field\":\"App.keyword\",\"otherBucket\":false,\"otherBucketLabel\":\"Other\",\"missingBucket\":false,\"missingBucketLabel\":\"Missing\",\"size\":1,\"order\":\"asc\",\"orderBy\":\"1\"}}]}",
      "uiStateJSON": "{}",
      "description": "",
      "version": 1,
      "kibanaSavedObjectMeta": {
        "searchSourceJSON": "{\"index\":\"fa030df0-f0d3-11e8-88e3-9795bd65363d\",\"filter\":[{\"$state\":{\"store\":\"appState\"},\"meta\":{\"alias\":null,\"disabled\":false,\"index\":\"fa030df0-f0d3-11e8-88e3-9795bd65363d\",\"key\":\"Rating\",\"negate\":true,\"params\":{\"query\":0,\"type\":\"phrase\"},\"type\":\"phrase\",\"value\":\"0\"},\"query\":{\"match\":{\"Rating\":{\"query\":0,\"type\":\"phrase\"}}}},{\"$state\":{\"store\":\"appState\"},\"meta\":{\"alias\":null,\"disabled\":false,\"index\":\"fa030df0-f0d3-11e8-88e3-9795bd65363d\",\"key\":\"Category.keyword\",\"negate\":false,\"params\":[\"FAMILY\",\"GAME\",\"TOOLS\",\"MEDICAL\",\"PRODUCTIVITY\",\"BUSINESS\",\"PERSONALIZATION\",\"SPORTS\",\"COMMUNICATION\",\"FINANCE\"],\"type\":\"phrases\",\"value\":\"FAMILY, GAME, TOOLS, MEDICAL, PRODUCTIVITY, BUSINESS, PERSONALIZATION, SPORTS, COMMUNICATION, FINANCE\"},\"query\":{\"bool\":{\"minimum_should_match\":1,\"should\":[{\"match_phrase\":{\"Category.keyword\":\"FAMILY\"}},{\"match_phrase\":{\"Category.keyword\":\"GAME\"}},{\"match_phrase\":{\"Category.keyword\":\"TOOLS\"}},{\"match_phrase\":{\"Category.keyword\":\"MEDICAL\"}},{\"match_phrase\":{\"Category.keyword\":\"PRODUCTIVITY\"}},{\"match_phrase\":{\"Category.keyword\":\"BUSINESS\"}},{\"match_phrase\":{\"Category.keyword\":\"PERSONALIZATION\"}},{\"match_phrase\":{\"Category.keyword\":\"SPORTS\"}},{\"match_phrase\":{\"Category.keyword\":\"COMMUNICATION\"}},{\"match_phrase\":{\"Category.keyword\":\"FINANCE\"}}]}}}],\"query\":{\"language\":\"lucene\",\"query\":\"\"}}"
      }
    },
    "_meta": {
      "savedObjectVersion": 2
    }
  }
]