[
  {
    "_id": "b64cebd0-f8df-11e8-9446-9b04f5cd3d01",
    "_type": "dashboard",
    "_source": {
      "title": "UC2",
      "hits": 0,
      "description": "",
      "panelsJSON": "[{\"gridData\":{\"h\":2,\"i\":\"1\",\"w\":3,\"x\":0,\"y\":0},\"id\":\"d3f2a160-f8db-11e8-9446-9b04f5cd3d01\",\"panelIndex\":\"1\",\"title\":\"All visits count\",\"type\":\"visualization\",\"version\":\"6.2.4\"},{\"gridData\":{\"h\":2,\"i\":\"2\",\"w\":3,\"x\":3,\"y\":0},\"id\":\"f6abf170-f8db-11e8-9446-9b04f5cd3d01\",\"panelIndex\":\"2\",\"type\":\"visualization\",\"version\":\"6.2.4\"},{\"gridData\":{\"h\":2,\"i\":\"3\",\"w\":6,\"x\":6,\"y\":0},\"id\":\"43937170-f8dc-11e8-9446-9b04f5cd3d01\",\"panelIndex\":\"3\",\"type\":\"visualization\",\"version\":\"6.2.4\"},{\"gridData\":{\"h\":3,\"i\":\"4\",\"w\":6,\"x\":0,\"y\":2},\"id\":\"e58d33d0-f8dc-11e8-9446-9b04f5cd3d01\",\"panelIndex\":\"4\",\"type\":\"visualization\",\"version\":\"6.2.4\"},{\"gridData\":{\"h\":4,\"i\":\"5\",\"w\":12,\"x\":0,\"y\":5},\"id\":\"b3a233a0-f8de-11e8-9446-9b04f5cd3d01\",\"panelIndex\":\"5\",\"type\":\"visualization\",\"version\":\"6.2.4\"},{\"gridData\":{\"h\":3,\"i\":\"6\",\"w\":6,\"x\":6,\"y\":2},\"id\":\"37e86fb0-f8e1-11e8-9446-9b04f5cd3d01\",\"panelIndex\":\"6\",\"type\":\"visualization\",\"version\":\"6.2.4\"}]",
      "optionsJSON": "{\"darkTheme\":false,\"hidePanelTitles\":false,\"useMargins\":true}",
      "version": 1,
      "timeRestore": true,
      "timeTo": "Wed Dec 05 2018 00:00:00 GMT+0100",
      "timeFrom": "Mon Jan 01 2018 00:00:00 GMT+0100",
      "refreshInterval": {
        "display": "Off",
        "pause": false,
        "value": 0
      },
      "kibanaSavedObjectMeta": {
        "searchSourceJSON": "{\"query\":{\"language\":\"lucene\",\"query\":\"\"},\"filter\":[],\"highlightAll\":true,\"version\":true}"
      }
    },
    "_meta": {
      "savedObjectVersion": 2
    }
  },
  {
    "_id": "f6abf170-f8db-11e8-9446-9b04f5cd3d01",
    "_type": "visualization",
    "_source": {
      "title": "Unique count",
      "visState": "{\"title\":\"Unique count\",\"type\":\"metric\",\"params\":{\"addTooltip\":true,\"addLegend\":false,\"type\":\"metric\",\"metric\":{\"percentageMode\":false,\"useRanges\":false,\"colorSchema\":\"Green to Red\",\"metricColorMode\":\"None\",\"colorsRange\":[{\"from\":0,\"to\":10000}],\"labels\":{\"show\":true},\"invertColors\":false,\"style\":{\"bgFill\":\"#000\",\"bgColor\":false,\"labelColor\":false,\"subText\":\"\",\"fontSize\":60}}},\"aggs\":[{\"id\":\"1\",\"enabled\":true,\"type\":\"cardinality\",\"schema\":\"metric\",\"params\":{\"field\":\"clientip.keyword\",\"customLabel\":\"Unikatnich navstevniku\"}}]}",
      "uiStateJSON": "{}",
      "description": "",
      "version": 1,
      "kibanaSavedObjectMeta": {
        "searchSourceJSON": "{\"index\":\"3af3e9b0-f8db-11e8-9446-9b04f5cd3d01\",\"filter\":[],\"query\":{\"query\":\"\",\"language\":\"lucene\"}}"
      }
    },
    "_meta": {
      "savedObjectVersion": 2
    }
  },
  {
    "_id": "43937170-f8dc-11e8-9446-9b04f5cd3d01",
    "_type": "visualization",
    "_source": {
      "title": "Daily visits",
      "visState": "{\"title\":\"Daily visits\",\"type\":\"line\",\"params\":{\"type\":\"line\",\"grid\":{\"categoryLines\":false,\"style\":{\"color\":\"#eee\"}},\"categoryAxes\":[{\"id\":\"CategoryAxis-1\",\"type\":\"category\",\"position\":\"bottom\",\"show\":true,\"style\":{},\"scale\":{\"type\":\"linear\"},\"labels\":{\"show\":true,\"truncate\":100},\"title\":{}}],\"valueAxes\":[{\"id\":\"ValueAxis-1\",\"name\":\"LeftAxis-1\",\"type\":\"value\",\"position\":\"left\",\"show\":true,\"style\":{},\"scale\":{\"type\":\"linear\",\"mode\":\"normal\"},\"labels\":{\"show\":true,\"rotate\":0,\"filter\":false,\"truncate\":100},\"title\":{\"text\":\"Requests\"}}],\"seriesParams\":[{\"show\":\"true\",\"type\":\"line\",\"mode\":\"normal\",\"data\":{\"label\":\"Requests\",\"id\":\"1\"},\"valueAxis\":\"ValueAxis-1\",\"drawLinesBetweenPoints\":true,\"showCircles\":true}],\"addTooltip\":true,\"addLegend\":true,\"legendPosition\":\"right\",\"times\":[],\"addTimeMarker\":false},\"aggs\":[{\"id\":\"1\",\"enabled\":true,\"type\":\"count\",\"schema\":\"metric\",\"params\":{\"customLabel\":\"Requests\"}},{\"id\":\"2\",\"enabled\":true,\"type\":\"date_histogram\",\"schema\":\"segment\",\"params\":{\"field\":\"@timestamp\",\"interval\":\"d\",\"customInterval\":\"2h\",\"min_doc_count\":1,\"extended_bounds\":{},\"customLabel\":\"Day\"}}]}",
      "uiStateJSON": "{}",
      "description": "",
      "version": 1,
      "kibanaSavedObjectMeta": {
        "searchSourceJSON": "{\"index\":\"3af3e9b0-f8db-11e8-9446-9b04f5cd3d01\",\"filter\":[],\"query\":{\"query\":\"\",\"language\":\"lucene\"}}"
      }
    },
    "_meta": {
      "savedObjectVersion": 2
    }
  },
  {
    "_id": "b3a233a0-f8de-11e8-9446-9b04f5cd3d01",
    "_type": "visualization",
    "_source": {
      "title": "Top5 OS with browsers",
      "visState": "{\"title\":\"Top5 OS with browsers\",\"type\":\"pie\",\"params\":{\"type\":\"pie\",\"addTooltip\":true,\"addLegend\":true,\"legendPosition\":\"top\",\"isDonut\":false,\"labels\":{\"show\":true,\"values\":true,\"last_level\":true,\"truncate\":100}},\"aggs\":[{\"id\":\"1\",\"enabled\":true,\"type\":\"count\",\"schema\":\"metric\",\"params\":{\"customLabel\":\"Count\"}},{\"id\":\"2\",\"enabled\":true,\"type\":\"terms\",\"schema\":\"split\",\"params\":{\"field\":\"useragent.os.keyword\",\"otherBucket\":true,\"otherBucketLabel\":\"Other\",\"missingBucket\":false,\"missingBucketLabel\":\"Missing\",\"size\":5,\"order\":\"desc\",\"orderBy\":\"1\",\"customLabel\":\"OS\",\"row\":false}},{\"id\":\"3\",\"enabled\":true,\"type\":\"terms\",\"schema\":\"segment\",\"params\":{\"field\":\"useragent.name.keyword\",\"otherBucket\":true,\"otherBucketLabel\":\"Other\",\"missingBucket\":false,\"missingBucketLabel\":\"Missing\",\"size\":5,\"order\":\"desc\",\"orderBy\":\"1\",\"customLabel\":\"Browser\"}}]}",
      "uiStateJSON": "{}",
      "description": "",
      "version": 1,
      "kibanaSavedObjectMeta": {
        "searchSourceJSON": "{\"index\":\"3af3e9b0-f8db-11e8-9446-9b04f5cd3d01\",\"filter\":[],\"query\":{\"query\":\"\",\"language\":\"lucene\"}}"
      }
    },
    "_meta": {
      "savedObjectVersion": 2
    }
  },
  {
    "_id": "37e86fb0-f8e1-11e8-9446-9b04f5cd3d01",
    "_type": "visualization",
    "_source": {
      "title": "Heatmap - OS in months",
      "visState": "{\"aggs\":[{\"enabled\":true,\"id\":\"1\",\"params\":{\"customLabel\":\"Bytes\",\"field\":\"bytes\"},\"schema\":\"metric\",\"type\":\"sum\"},{\"enabled\":true,\"id\":\"2\",\"params\":{\"customInterval\":\"2h\",\"customLabel\":\"Month\",\"extended_bounds\":{},\"field\":\"@timestamp\",\"interval\":\"M\",\"min_doc_count\":1},\"schema\":\"segment\",\"type\":\"date_histogram\"},{\"enabled\":true,\"id\":\"3\",\"params\":{\"customLabel\":\"Top OS\",\"field\":\"useragent.os.keyword\",\"missingBucket\":false,\"missingBucketLabel\":\"Missing\",\"order\":\"desc\",\"orderAgg\":{\"enabled\":true,\"id\":\"3-orderAgg\",\"params\":{},\"schema\":{\"aggFilter\":[\"!top_hits\",\"!percentiles\",\"!median\",\"!std_dev\",\"!derivative\",\"!moving_avg\",\"!serial_diff\",\"!cumulative_sum\",\"!avg_bucket\",\"!max_bucket\",\"!min_bucket\",\"!sum_bucket\"],\"deprecate\":false,\"editor\":false,\"group\":\"none\",\"hideCustomLabel\":true,\"max\":null,\"min\":0,\"name\":\"orderAgg\",\"params\":[],\"title\":\"Order Agg\"},\"type\":\"count\"},\"orderBy\":\"custom\",\"otherBucket\":false,\"otherBucketLabel\":\"Other\",\"size\":3},\"schema\":\"group\",\"type\":\"terms\"}],\"params\":{\"addLegend\":true,\"addTooltip\":true,\"colorSchema\":\"Green to Red\",\"colorsNumber\":4,\"colorsRange\":[],\"enableHover\":true,\"invertColors\":false,\"legendPosition\":\"top\",\"percentageMode\":false,\"setColorRange\":false,\"times\":[],\"type\":\"heatmap\",\"valueAxes\":[{\"id\":\"ValueAxis-1\",\"labels\":{\"color\":\"#555\",\"rotate\":0,\"show\":false},\"scale\":{\"defaultYExtents\":false,\"type\":\"linear\"},\"show\":false,\"type\":\"value\"}]},\"title\":\"Heatmap - OS in months\",\"type\":\"heatmap\"}",
      "uiStateJSON": "{\"vis\":{\"defaultColors\":{\"0 - 6,000,000\":\"rgb(0,104,55)\",\"6,000,000 - 12,000,000\":\"rgb(135,203,103)\",\"12,000,000 - 18,000,000\":\"rgb(255,255,190)\",\"18,000,000 - 24,000,000\":\"rgb(249,142,82)\"}}}",
      "description": "",
      "version": 1,
      "kibanaSavedObjectMeta": {
        "searchSourceJSON": "{\"index\":\"3af3e9b0-f8db-11e8-9446-9b04f5cd3d01\",\"filter\":[],\"query\":{\"query\":\"\",\"language\":\"lucene\"}}"
      }
    },
    "_meta": {
      "savedObjectVersion": 2
    }
  },
  {
    "_id": "d3f2a160-f8db-11e8-9446-9b04f5cd3d01",
    "_type": "visualization",
    "_source": {
      "title": "All visits count",
      "visState": "{\"title\":\"All visits count\",\"type\":\"metric\",\"params\":{\"addTooltip\":true,\"addLegend\":false,\"type\":\"metric\",\"metric\":{\"percentageMode\":false,\"useRanges\":false,\"colorSchema\":\"Green to Red\",\"metricColorMode\":\"None\",\"colorsRange\":[{\"from\":0,\"to\":10000}],\"labels\":{\"show\":true},\"invertColors\":false,\"style\":{\"bgFill\":\"#000\",\"bgColor\":false,\"labelColor\":false,\"subText\":\"\",\"fontSize\":60}}},\"aggs\":[{\"id\":\"1\",\"enabled\":true,\"type\":\"count\",\"schema\":\"metric\",\"params\":{\"customLabel\":\"All visits\"}}]}",
      "uiStateJSON": "{}",
      "description": "",
      "version": 1,
      "kibanaSavedObjectMeta": {
        "searchSourceJSON": "{\"index\":\"3af3e9b0-f8db-11e8-9446-9b04f5cd3d01\",\"filter\":[],\"query\":{\"query\":\"\",\"language\":\"lucene\"}}"
      }
    },
    "_meta": {
      "savedObjectVersion": 2
    }
  },
  {
    "_id": "e58d33d0-f8dc-11e8-9446-9b04f5cd3d01",
    "_type": "visualization",
    "_source": {
      "title": "Non 200 responses",
      "visState": "{\"title\":\"Non 200 responses\",\"type\":\"histogram\",\"params\":{\"type\":\"histogram\",\"grid\":{\"categoryLines\":false,\"style\":{\"color\":\"#eee\"},\"valueAxis\":\"ValueAxis-1\"},\"categoryAxes\":[{\"id\":\"CategoryAxis-1\",\"type\":\"category\",\"position\":\"top\",\"show\":true,\"style\":{},\"scale\":{\"type\":\"linear\"},\"labels\":{\"show\":true,\"truncate\":100},\"title\":{}}],\"valueAxes\":[{\"id\":\"ValueAxis-1\",\"name\":\"LeftAxis-1\",\"type\":\"value\",\"position\":\"left\",\"show\":true,\"style\":{},\"scale\":{\"type\":\"linear\",\"mode\":\"normal\"},\"labels\":{\"show\":true,\"rotate\":0,\"filter\":false,\"truncate\":100},\"title\":{\"text\":\"Response count\"}}],\"seriesParams\":[{\"show\":\"true\",\"type\":\"histogram\",\"mode\":\"stacked\",\"data\":{\"label\":\"Response count\",\"id\":\"1\"},\"valueAxis\":\"ValueAxis-1\",\"drawLinesBetweenPoints\":true,\"showCircles\":true}],\"addTooltip\":true,\"addLegend\":true,\"legendPosition\":\"bottom\",\"times\":[],\"addTimeMarker\":false},\"aggs\":[{\"id\":\"1\",\"enabled\":true,\"type\":\"count\",\"schema\":\"metric\",\"params\":{\"customLabel\":\"Response count\"}},{\"id\":\"2\",\"enabled\":true,\"type\":\"date_histogram\",\"schema\":\"segment\",\"params\":{\"field\":\"@timestamp\",\"interval\":\"d\",\"customInterval\":\"2h\",\"min_doc_count\":1,\"extended_bounds\":{},\"customLabel\":\"Day\"}},{\"id\":\"3\",\"enabled\":true,\"type\":\"terms\",\"schema\":\"group\",\"params\":{\"field\":\"response\",\"otherBucket\":false,\"otherBucketLabel\":\"Other\",\"missingBucket\":false,\"missingBucketLabel\":\"Missing\",\"size\":50,\"order\":\"desc\",\"orderBy\":\"1\",\"customLabel\":\"Response\"}}]}",
      "uiStateJSON": "{}",
      "description": "",
      "version": 1,
      "kibanaSavedObjectMeta": {
        "searchSourceJSON": "{\"index\":\"3af3e9b0-f8db-11e8-9446-9b04f5cd3d01\",\"filter\":[{\"meta\":{\"index\":\"3af3e9b0-f8db-11e8-9446-9b04f5cd3d01\",\"negate\":true,\"disabled\":false,\"alias\":null,\"type\":\"phrase\",\"key\":\"response\",\"value\":\"200\",\"params\":{\"query\":200,\"type\":\"phrase\"}},\"query\":{\"match\":{\"response\":{\"query\":200,\"type\":\"phrase\"}}},\"$state\":{\"store\":\"appState\"}},{\"meta\":{\"index\":\"3af3e9b0-f8db-11e8-9446-9b04f5cd3d01\",\"negate\":true,\"disabled\":false,\"alias\":null,\"type\":\"phrase\",\"key\":\"@timestamp\",\"value\":\"August 29th 2018, 00:00:00.000\",\"params\":{\"query\":\"2018-08-29\",\"type\":\"phrase\"}},\"query\":{\"match\":{\"@timestamp\":{\"query\":\"2018-08-29\",\"type\":\"phrase\"}}},\"$state\":{\"store\":\"appState\"}}],\"query\":{\"query\":\"\",\"language\":\"lucene\"}}"
      }
    },
    "_meta": {
      "savedObjectVersion": 2
    }
  }
]